name,ticker,identifier,SEDOL,weight,sector,shares_held,local_currency
NVIDIA CORP,NVDA,67066G104,2379504,8.01848,Technology,38559510,USD
MICROSOFT CORP,MSFT,594918104,2588173,6.814488,Technology,11746714,USD
APPLE INC,AAPL,037833100,2046251,6.530734,Technology,23452421,USD
AMAZON.COM INC,AMZN,023135106,2000019,3.767647,Consumer Cyclical,15337101,USD
META PLATFORMS INC CLASS A,META,30303M102,B7TL820,2.744586,Communication Services,3427465,USD
BROADCOM INC,AVGO,11135F101,BDZ78H9,2.739405,Technology,7432547,USD
ALPHABET INC CL A,GOOGL,02079K305,BYVY8G0,2.468966,Communication Services,9192329,USD
TESLA INC,TSLA,88160R101,B616C79,2.081874,Consumer Cyclical,4434652,USD
ALPHABET INC CL C,GOOG,02079K107,BYY88Y7,1.989759,Communication Services,7379470,USD
BERKSHIRE HATHAWAY INC CL B,BRK.B,084670702,2073390,1.609323,Financial Services,2897937,USD
JPMORGAN CHASE + CO,JPM,46625H100,2190385,1.484321,Financial Services,4345005,USD
ELI LILLY + CO,LLY,532457108,2516152,1.188981,Healthcare,1256448,USD
VISA INC CLASS A SHARES,V,92826C839,B2PZN04,1.047421,Financial Services,2684573,USD
NETFLIX INC,NFLX,64110L106,2857817,0.93022,Communication Services,671533,USD
ORACLE CORP,ORCL,68389X105,2661568,0.871127,Technology,2619047,USD
EXXON MOBIL CORP,XOM,30231G102,2326618,0.846854,Energy,6736177,USD
MASTERCARD INC   A,MA,57636Q104,B121557,0.825625,Financial Services,1304438,USD
JOHNSON + JOHNSON,JNJ,478160104,2475833,0.824149,Healthcare,3806095,USD
WALMART INC,WMT,931142103,2936921,0.801956,Consumer Defensive,6935892,USD
COSTCO WHOLESALE CORP,COST,22160K105,2701271,0.739879,Consumer Defensive,700718,USD
ABBVIE INC,ABBV,00287Y109,B92SR70,0.730624,Healthcare,2791856,USD
PALANTIR TECHNOLOGIES INC A,PLTR,69608A108,BN78DQ4,0.715815,Technology,3593704,USD
HOME DEPOT INC,HD,437076102,2434209,0.670788,Consumer Cyclical,1572377,USD
PROCTER + GAMBLE CO/THE,PG,742718109,2704407,0.628952,Consumer Defensive,3700794,USD
ADVANCED MICRO DEVICES,AMD,007903107,2007849,0.62561,Technology,2564114,USD
BANK OF AMERICA CORP,BAC,060505104,2295677,0.59486,Financial Services,10769655,USD
UNITEDHEALTH GROUP INC,UNH,91324P102,2917766,0.575911,Healthcare,1430901,USD
GENERAL ELECTRIC,GE,369604301,BL59CR9,0.554544,Industrials,1675647,USD
CHEVRON CORP,CVX,166764100,2838555,0.514164,Energy,3041423,USD
CISCO SYSTEMS INC,CSCO,17275R102,2198163,0.482597,Technology,6256471,USD
COCA COLA CO/THE,KO,191216100,2206657,0.465823,Consumer Defensive,6120081,USD
INTL BUSINESS MACHINES CORP,IBM,459200101,2005973,0.464312,Technology,1472030,USD
PHILIP MORRIS INTERNATIONAL,PM,718172109,B2PKRQ3,0.448111,Consumer Defensive,2459585,USD
WELLS FARGO + CO,WFC,949746101,2649100,0.446018,Financial Services,5061146,USD
GOLDMAN SACHS GROUP INC,GS,38141G104,2407966,0.415215,Financial Services,478459,USD
SALESFORCE INC,CRM,79466L302,2310525,0.414537,Technology,1510749,USD
ABBOTT LABORATORIES,ABT,002824100,2002305,0.413961,Healthcare,2750324,USD
CATERPILLAR INC,CAT,149123101,2180201,0.412926,Industrials,740280,USD
MERCK + CO. INC.,MRK,58933Y105,2778844,0.385337,Healthcare,3946962,USD
LINDE PLC,LIN,G54950103,BNZHB81,0.381695,Basic Materials,740804,USD
MCDONALD S CORP,MCD,580135101,2550707,0.380222,Consumer Cyclical,1127552,USD
RTX CORP,RTX,75513E101,BM5M5Y3,0.378604,Industrials,2114579,USD
PEPSICO INC,PEP,713448108,2681511,0.368686,Consumer Defensive,2163733,USD
MICRON TECHNOLOGY INC,MU,595112103,2588184,0.364607,Technology,1768397,USD
THERMO FISHER SCIENTIFIC INC,TMO,883556102,2886907,0.355609,Healthcare,596827,USD
WALT DISNEY CO/THE,DIS,254687106,2270726,0.352206,Communication Services,2841084,USD
UBER TECHNOLOGIES INC,UBER,90353T100,BK6N347,0.349411,Technology,3295035,USD
AT+T INC,T,00206R102,2831811,0.331847,Communication Services,11298274,USD
SERVICENOW INC,NOW,81762P102,B80NXX8,0.33159,Technology,328633,USD
MORGAN STANLEY,MS,617446448,2262314,0.330439,Financial Services,1916538,USD
INTUIT INC,INTU,461202103,2459020,0.321181,Technology,440785,USD
CITIGROUP INC,C,172967424,2297907,0.310181,Financial Services,2908577,USD
AMERICAN EXPRESS CO,AXP,025816109,2026082,0.308001,Financial Services,857784,USD
NEXTERA ENERGY INC,NEE,65339F101,2328915,0.307925,Utilities,3253942,USD
APPLIED MATERIALS INC,AMAT,038222105,2046552,0.302243,Technology,1267973,USD
VERIZON COMMUNICATIONS INC,VZ,92343V104,2090571,0.301435,Communication Services,6662475,USD
BOOKING HOLDINGS INC,BKNG,09857L108,BDRXDB4,0.300302,Consumer Cyclical,51211,USD
LAM RESEARCH CORP,LRCX,512807306,BSML4N7,0.298281,Technology,1999858,USD
QUALCOMM INC,QCOM,747525103,2714923,0.297166,Technology,1704142,USD
GE VERNOVA INC,GEV,36828A101,BP6H4Y1,0.295401,Industrials,430371,USD
BLACKROCK INC,BLK,09290D101,BMZBBT7,0.292464,Financial Services,227488,USD
BOEING CO/THE,BA,097023105,2108601,0.28593,Industrials,1195097,USD
INTEL CORP,INTC,458140100,2463247,0.285579,Technology,6915967,USD
ARISTA NETWORKS INC,ANET,040413205,BL9XPM3,0.284995,Technology,1628940,USD
SCHWAB (CHARLES) CORP,SCHW,808513105,2779397,0.281488,Financial Services,2696068,USD
TJX COMPANIES INC,TJX,872540109,2989301,0.280863,Consumer Cyclical,1762217,USD
AMGEN INC,AMGN,031162100,2023607,0.280218,Healthcare,850693,USD
TEXAS INSTRUMENTS INC,TXN,882508104,2885409,0.279939,Technology,1436027,USD
APPLOVIN CORP CLASS A,APP,03831W108,BMV3LG4,0.276978,Communication Services,428079,USD
INTUITIVE SURGICAL INC,ISRG,46120E602,2871301,0.276224,Healthcare,566340,USD
S+P GLOBAL INC,SPGI,78409V104,BYV2325,0.272497,Financial Services,493749,USD
ACCENTURE PLC CL A,ACN,G1151C101,B4BNMY3,0.269166,Technology,983970,USD
AMPHENOL CORP CL A,APH,032095101,2145084,0.26663,Technology,1929694,USD
GILEAD SCIENCES INC,GILD,375558103,2369174,0.260879,Healthcare,1960898,USD
EATON CORP PLC,ETN,G29183103,B8KQN82,0.257709,Industrials,615005,USD
ADOBE INC,ADBE,00724F101,2008154,0.256898,Technology,670417,USD
BOSTON SCIENTIFIC CORP,BSX,101137107,2113434,0.253539,Healthcare,2340564,USD
PFIZER INC,PFE,717081103,2684703,0.252761,Healthcare,8984185,USD
PROGRESSIVE CORP,PGR,743315103,2705024,0.252278,Financial Services,925846,USD
PALO ALTO NETWORKS INC,PANW,697435105,B87ZMX0,0.249791,Technology,1054963,USD
UNION PACIFIC CORP,UNP,907818108,2914734,0.239833,Industrials,936976,USD
LOWE S COS INC,LOW,548661107,2536763,0.233578,Consumer Cyclical,885937,USD
KLA CORP,KLAC,482480100,2480138,0.232675,Technology,208534,USD
CAPITAL ONE FINANCIAL CORP,COF,14040H105,2654461,0.232204,Financial Services,1010033,USD
DANAHER CORP,DHR,235851102,2250870,0.231418,Healthcare,1006764,USD
HONEYWELL INTERNATIONAL INC,HON,438516106,2020459,0.228761,Industrials,1002884,USD
STRYKER CORP,SYK,863667101,2853688,0.225041,Healthcare,543644,USD
CROWDSTRIKE HOLDINGS INC   A,CRWD,22788C105,BJJP138,0.220809,Technology,393966,USD
MEDTRONIC PLC,MDT,G5960L103,BTN1Y11,0.219304,Healthcare,2023674,USD
AUTOMATIC DATA PROCESSING,ADP,053015103,2065308,0.207242,Technology,640051,USD
CONSTELLATION ENERGY,CEG,21037T109,BMH4FS1,0.206536,Utilities,493673,USD
BLACKSTONE INC,BX,09260D107,BKF2SL7,0.203263,Financial Services,1164279,USD
DEERE + CO,DE,244199105,2261203,0.201746,Industrials,398106,USD
ANALOG DEVICES INC,ADI,032654105,2032067,0.200648,Technology,784340,USD
ALTRIA GROUP INC,MO,02209S103,2692632,0.200525,Consumer Defensive,2654331,USD
WELLTOWER INC,WELL,95040Q104,BYVYHH4,0.199016,Real Estate,1056348,USD
T MOBILE US INC,TMUS,872590104,B94Q9V0,0.198697,Communication Services,764936,USD
CONOCOPHILLIPS,COP,20825C104,2685717,0.196437,Energy,1974204,USD
COMCAST CORP CLASS A,CMCSA,20030N101,2044545,0.194697,Communication Services,5820981,USD
SOUTHERN CO/THE,SO,842587107,2829601,0.193903,Utilities,1737581,USD
ROBINHOOD MARKETS INC   A,HOOD,770700102,BP0TQN6,0.19284,Financial Services,1222297,USD
CHUBB LTD,CB,H1467J104,B3BQMF6,0.188115,Financial Services,585453,USD
VERTEX PHARMACEUTICALS INC,VRTX,92532F100,2931034,0.187505,Healthcare,404993,USD
LOCKHEED MARTIN CORP,LMT,539830109,2522096,0.186074,Industrials,324505,USD
PROLOGIS INC,PLD,74340W103,B44WZD7,0.185118,Real Estate,1465876,USD
MARSH + MCLENNAN COS,MMC,571748102,2567741,0.182535,Financial Services,776611,USD
DUKE ENERGY CORP,DUK,26441C204,B7VD3F2,0.177231,Utilities,1228958,USD
CVS HEALTH CORP,CVS,126650100,2577609,0.177167,Healthcare,2003156,USD
DOORDASH INC   A,DASH,25809K105,BN13P03,0.176543,Consumer Cyclical,584530,USD
CME GROUP INC,CME,12572Q105,2965839,0.175416,Financial Services,569180,USD
MCKESSON CORP,MCK,58155Q103,2378534,0.170724,Healthcare,196937,USD
NEWMONT CORP,NEM,651639106,2636607,0.167764,Basic Materials,1735543,USD
TRANE TECHNOLOGIES PLC,TT,G8994E103,BK9ZQ96,0.165201,Industrials,351347,USD
PARKER HANNIFIN CORP,PH,701094104,2671501,0.164305,Industrials,201933,USD
INTERCONTINENTAL EXCHANGE IN,ICE,45866F104,BFSSDS9,0.161629,Financial Services,903876,USD
BRISTOL MYERS SQUIBB CO,BMY,110122108,2126335,0.160428,Healthcare,3214336,USD
STARBUCKS CORP,SBUX,855244109,2842255,0.1599,Consumer Cyclical,1795029,USD
CADENCE DESIGN SYS INC,CDNS,127387108,2302232,0.159812,Technology,430460,USD
AMERICAN TOWER CORP,AMT,03027X100,B7FBFL2,0.156704,Real Estate,739354,USD
O REILLY AUTOMOTIVE INC,ORLY,67103H107,B65LWX6,0.1554,Consumer Cyclical,1339935,USD
GENERAL DYNAMICS CORP,GD,369550108,2365161,0.150688,Industrials,398641,USD
NORTHROP GRUMMAN CORP,NOC,666807102,2648806,0.150449,Industrials,212535,USD
SYNOPSYS INC,SNPS,871607107,2867719,0.145687,Technology,292351,USD
WASTE MANAGEMENT INC,WM,94106L109,2937667,0.145673,Industrials,585208,USD
KKR + CO INC,KKR,48251W104,BG1FRR1,0.14493,Financial Services,1083450,USD
COINBASE GLOBAL INC  CLASS A,COIN,19260Q107,BMC9P69,0.144845,Financial Services,357350,USD
THE CIGNA GROUP,CI,125523100,BHJ0775,0.143909,Healthcare,421484,USD
ELEVANCE HEALTH INC,ELV,036752103,BSPHGL4,0.142751,Healthcare,355942,USD
MONDELEZ INTERNATIONAL INC A,MDLZ,609207105,B8CKK03,0.142551,Consumer Defensive,2043237,USD
3M CO,MMM,88579Y101,2595708,0.142091,Industrials,841357,USD
EQUINIX INC,EQIX,29444U700,BVLZX12,0.140587,Real Estate,154668,USD
AON PLC CLASS A,AON,G0403H108,BLP1HW5,0.139277,Financial Services,340617,USD
NIKE INC  CL B,NKE,654106103,2640147,0.138956,Consumer Cyclical,1876572,USD
ARTHUR J GALLAGHER + CO,AJG,363576109,2359506,0.138763,Financial Services,405053,USD
SHERWIN WILLIAMS CO/THE,SHW,824348106,2804211,0.138542,Basic Materials,366652,USD
ROYAL CARIBBEAN CRUISES LTD,RCL,V7780T103,2754907,0.137932,Consumer Cyclical,398819,USD
WILLIAMS COS INC,WMB,969457100,2967181,0.137076,Energy,1928358,USD
MOTOROLA SOLUTIONS INC,MSI,620076307,B5BKPQ4,0.136432,Technology,263352,USD
MOODY S CORP,MCO,615369105,2252058,0.134018,Financial Services,243837,USD
HOWMET AEROSPACE INC,HWM,443201108,BKLJ8V2,0.133138,Industrials,637002,USD
BANK OF NEW YORK MELLON CORP,BK,064058100,B1Z77F6,0.132296,Financial Services,1114643,USD
PNC FINANCIAL SERVICES GROUP,PNC,693475105,2692665,0.129939,Financial Services,622173,USD
TRANSDIGM GROUP INC,TDG,893641100,B11FJK3,0.129361,Industrials,89155,USD
EMERSON ELECTRIC CO,EMR,291011104,2313405,0.127202,Industrials,889118,USD
US BANCORP,USB,902973304,2736035,0.126381,Financial Services,2458368,USD
ECOLAB INC,ECL,278865100,2304227,0.124728,Basic Materials,403772,USD
JOHNSON CONTROLS INTERNATION,JCI,G51502105,BY7QL61,0.123855,Industrials,1033539,USD
AUTOZONE INC,AZO,053332102,2065955,0.122326,Consumer Cyclical,26438,USD
HCA HEALTHCARE INC,HCA,40412C101,B4MGBG6,0.121894,Healthcare,258618,USD
PAYPAL HOLDINGS INC,PYPL,70450Y103,BYW36M8,0.11966,Financial Services,1509084,USD
FISERV INC,FI,337738108,2342034,0.119514,Technology,858405,USD
CSX CORP,CSX,126408103,2160753,0.118676,Industrials,2945273,USD
ILLINOIS TOOL WORKS,ITW,452308109,2457552,0.116533,Industrials,419062,USD
AUTODESK INC,ADSK,052769106,2065159,0.116496,Technology,338081,USD
NORFOLK SOUTHERN CORP,NSC,655844108,2641894,0.116014,Industrials,354347,USD
CORNING INC,GLW,219350105,2224701,0.115986,Technology,1231127,USD
CINTAS CORP,CTAS,172908105,2197137,0.115468,Industrials,541087,USD
TE CONNECTIVITY PLC,TEL,G87052109,BRC3N84,0.113637,Technology,466468,USD
COLGATE PALMOLIVE CO,CL,194162103,2209106,0.112977,Consumer Defensive,1276403,USD
VISTRA CORP,VST,92840M102,BZ8VJQ8,0.112424,Utilities,503004,USD
ZOETIS INC,ZTS,98978V103,B95WG16,0.112167,Healthcare,700129,USD
AMERICAN ELECTRIC POWER,AEP,025537101,2026242,0.11216,Utilities,844062,USD
QUANTA SERVICES INC,PWR,74762E102,2150204,0.111548,Industrials,235268,USD
CENCORA INC,COR,03073E105,2795393,0.110541,Healthcare,306174,USD
UNITED RENTALS INC,URI,911363109,2134781,0.10969,Industrials,101695,USD
UNITED PARCEL SERVICE CL B,UPS,911312106,2517382,0.109591,Industrials,1164795,USD
HILTON WORLDWIDE HOLDINGS IN,HLT,43300A203,BYVMW06,0.109391,Consumer Cyclical,371249,USD
TRAVELERS COS INC/THE,TRV,89417E109,2769503,0.108984,Financial Services,355366,USD
EOG RESOURCES INC,EOG,26875P101,2318024,0.105788,Energy,862185,USD
SEMPRA,SRE,816851109,2138158,0.105514,Utilities,1030319,USD
FREEPORT MCMORAN INC,FCX,35671D857,2352118,0.105212,Basic Materials,2266859,USD
MARRIOTT INTERNATIONAL  CL A,MAR,571903202,2210614,0.105061,Consumer Cyclical,355634,USD
REGENERON PHARMACEUTICALS,REGN,75886F107,2730190,0.103108,Healthcare,160841,USD
AIR PRODUCTS + CHEMICALS INC,APD,009158106,2011602,0.10261,Basic Materials,351554,USD
SIMON PROPERTY GROUP INC,SPG,828806109,2812452,0.102597,Real Estate,515491,USD
CUMMINS INC,CMI,231021106,2240202,0.101999,Industrials,217486,USD
AXON ENTERPRISE INC,AXON,05464C101,BDT5S35,0.09886,Industrials,123856,USD
MARATHON PETROLEUM CORP,MPC,56585A102,B3K3L40,0.098598,Energy,480093,USD
ROPER TECHNOLOGIES INC,ROP,776696106,2749602,0.098298,Technology,170098,USD
L3HARRIS TECHNOLOGIES INC,LHX,502431109,BK9DTN5,0.098179,Industrials,295802,USD
TRUIST FINANCIAL CORP,TFC,89832Q109,BKP7287,0.097855,Financial Services,2037098,USD
APOLLO GLOBAL MANAGEMENT INC,APO,03769M106,BN44JF6,0.09758,Financial Services,727012,USD
ALLSTATE CORP,ALL,020002101,2019952,0.09718,Financial Services,416176,USD
FORTINET INC,FTNT,34959E109,B5B2106,0.096993,Technology,1028784,USD
DIGITAL REALTY TRUST INC,DLR,253868103,B03GQS4,0.096858,Real Estate,506326,USD
BECTON DICKINSON AND CO,BDX,075887109,2087807,0.095842,Healthcare,452488,USD
AFLAC INC,AFL,001055102,2026361,0.095763,Financial Services,760220,USD
CHIPOTLE MEXICAN GRILL INC,CMG,169656105,B0X7DZ3,0.095727,Consumer Cyclical,2117410,USD
REALTY INCOME CORP,O,756109104,2724193,0.095522,Real Estate,1444113,USD
KINDER MORGAN INC,KMI,49456B101,B3NQ4P8,0.095054,Energy,3089383,USD
GENERAL MOTORS CO,GM,37045V100,B665KZ5,0.094452,Consumer Cyclical,1503017,USD
FASTENAL CO,FAST,311900104,2332262,0.09431,Industrials,1814487,USD
DOMINION ENERGY INC,D,25746U109,2542049,0.093263,Utilities,1347300,USD
NXP SEMICONDUCTORS NV,NXPI,N6596X109,B505PN7,0.092773,Technology,397882,USD
DATADOG INC   CLASS A,DDOG,23804L103,BKT9Y49,0.092004,Technology,510493,USD
PHILLIPS 66,PSX,718546104,B78C4Y8,0.09185,Energy,638217,USD
AIRBNB INC CLASS A,ABNB,009066101,BMGYYH4,0.091018,Consumer Cyclical,678292,USD
WORKDAY INC CLASS A,WDAY,98138H101,B8K6ZD1,0.090329,Technology,341197,USD
MONSTER BEVERAGE CORP,MNST,61174X109,BZ07BW4,0.088993,Consumer Defensive,1125884,USD
IDEXX LABORATORIES INC,IDXX,45168D104,2459202,0.088339,Healthcare,126280,USD
VALERO ENERGY CORP,VLO,91913Y100,2041364,0.087983,Energy,490405,USD
PACCAR INC,PCAR,693718108,2665861,0.087661,Industrials,830222,USD
FEDEX CORP,FDX,31428X106,2142784,0.08743,Industrials,342818,USD
ROSS STORES INC,ROST,778296103,2746711,0.086698,Consumer Cyclical,516977,USD
XCEL ENERGY INC,XEL,98389B100,2614807,0.085838,Utilities,934200,USD
EXELON CORP,EXC,30161N101,2670519,0.085284,Utilities,1595852,USD
SLB LTD,SLB,806857108,2779201,0.084827,Energy,2355437,USD
PUBLIC STORAGE,PSA,74460D109,2852533,0.083473,Real Estate,249718,USD
DELL TECHNOLOGIES  C,DELL,24703L202,BHKD3S6,0.082188,Technology,480773,USD
SEAGATE TECHNOLOGY HOLDINGS,STX,G7997R103,BKVD2N4,0.08206,Technology,337146,USD
REPUBLIC SERVICES INC,RSG,760759100,2262530,0.081881,Industrials,320305,USD
CARRIER GLOBAL CORP,CARR,14448C104,BK4N0D7,0.081492,Industrials,1266801,USD
AMERIPRISE FINANCIAL INC,AMP,03076C106,B0J7D57,0.08096,Financial Services,148735,USD
ELECTRONIC ARTS INC,EA,285512109,2310194,0.080764,Communication Services,355641,USD
AMERICAN INTERNATIONAL GROUP,AIG,026874784,2027342,0.080749,Financial Services,874811,USD
FORD MOTOR CO,F,345370860,2615468,0.080034,Consumer Cyclical,6178149,USD
METLIFE INC,MET,59156R108,2573209,0.079926,Financial Services,882506,USD
BAKER HUGHES CO,BKR,05722G100,BDHLTQ5,0.079621,Energy,1557030,USD
CBRE GROUP INC   A,CBRE,12504L109,B6WVMH3,0.079001,Real Estate,462714,USD
TAKE TWO INTERACTIVE SOFTWRE,TTWO,874054109,2122117,0.07833,Communication Services,273809,USD
ONEOK INC,OKE,682680103,2130109,0.078246,Energy,997510,USD
EDWARDS LIFESCIENCES CORP,EW,28176E108,2567116,0.077834,Healthcare,927167,USD
MONOLITHIC POWER SYSTEMS INC,MPWR,609839105,B01Z7J1,0.077684,Technology,75652,USD
CROWN CASTLE INC,CCI,22822V101,BTGQCX1,0.076256,Real Estate,688312,USD
ENTERGY CORP,ETR,29364G103,2317087,0.076229,Utilities,704819,USD
MSCI INC,MSCI,55354G100,B2972D2,0.075917,Financial Services,122254,USD
WARNER BROS DISCOVERY INC,WBD,934423104,BM8JYX3,0.075893,Communication Services,3909076,USD
DR HORTON INC,DHI,23331A109,2250687,0.075406,Consumer Cyclical,438160,USD
CORTEVA INC,CTVA,22052L104,BK73B42,0.075259,Basic Materials,1072081,USD
WW GRAINGER INC,GWW,384802104,2380863,0.074799,Industrials,69528,USD
AMETEK INC,AME,031100100,2089212,0.074429,Industrials,365661,USD
KROGER CO,KR,501044101,2497406,0.073856,Consumer Defensive,959747,USD
BLOCK INC,XYZ,852234103,BYNZGK1,0.073595,Technology,868101,USD
PAYCHEX INC,PAYX,704326107,2674458,0.073065,Technology,512579,USD
GARMIN LTD,GRMN,H2906T109,B3Z5T14,0.072767,Technology,258405,USD
EBAY INC,EBAY,278642103,2293819,0.072536,Consumer Cyclical,721494,USD
PUBLIC SERVICE ENTERPRISE GP,PEG,744573106,2707677,0.072252,Utilities,789070,USD
NASDAQ INC,NDAQ,631103108,2965107,0.072246,Financial Services,715787,USD
FAIR ISAAC CORP,FICO,303250104,2330299,0.071871,Technology,38015,USD
WESTERN DIGITAL CORP,WDC,958102105,2954699,0.071741,Technology,547466,USD
RESMED INC,RMD,761152107,2732903,0.071494,Healthcare,231511,USD
VULCAN MATERIALS CO,VMC,929160109,2931205,0.071449,Basic Materials,208777,USD
KIMBERLY CLARK CORP,KMB,494368103,2491839,0.071049,Consumer Defensive,523363,USD
YUM  BRANDS INC,YUM,988498101,2098876,0.070733,Consumer Cyclical,439911,USD
COPART INC,CPRT,217204106,2208073,0.070136,Industrials,1407815,USD
TARGET CORP,TGT,87612E106,2259101,0.069925,Consumer Defensive,720090,USD
AGILENT TECHNOLOGIES INC,A,00846U101,2520153,0.069657,Healthcare,449078,USD
MARTIN MARIETTA MATERIALS,MLM,573284106,2572079,0.068431,Basic Materials,95312,USD
ROCKWELL AUTOMATION INC,ROK,773903109,2754060,0.067332,Industrials,177693,USD
CARDINAL HEALTH INC,CAH,14149Y108,2175672,0.067237,Healthcare,377497,USD
SYSCO CORP,SYY,871829107,2868165,0.067111,Consumer Defensive,753475,USD
DELTA AIR LINES INC,DAL,247361702,B1W9D46,0.066858,Industrials,1024484,USD
WEC ENERGY GROUP INC,WEC,92939U106,BYY8XK8,0.066484,Utilities,508624,USD
CONSOLIDATED EDISON INC,ED,209115104,2216850,0.06647,Utilities,571792,USD
HARTFORD INSURANCE GROUP INC,HIG,416515104,2476193,0.065067,Financial Services,444192,USD
XYLEM INC,XYL,98419M100,B3P2CN8,0.063147,Industrials,385384,USD
KEURIG DR PEPPER INC,KDP,49271V100,BD3W133,0.062943,Consumer Defensive,2147151,USD
OTIS WORLDWIDE CORP,OTIS,68902V107,BK531S8,0.06291,Industrials,619388,USD
FIDELITY NATIONAL INFO SERV,FIS,31620M106,2769796,0.06264,Technology,825071,USD
PRUDENTIAL FINANCIAL INC,PRU,744320102,2819118,0.06258,Financial Services,556031,USD
P G + E CORP,PCG,69331C108,2689560,0.062564,Utilities,3474518,USD
ARCH CAPITAL GROUP LTD,ACGL,G0450A105,2740542,0.061663,Financial Services,587346,USD
VERISK ANALYTICS INC,VRSK,92345Y106,B4P9W92,0.06091,Industrials,220720,USD
IQVIA HOLDINGS INC,IQV,46266C105,BDR73G1,0.060457,Healthcare,268707,USD
HUMANA INC,HUM,444859102,2445063,0.060436,Healthcare,189961,USD
EQT CORP,EQT,26884L109,2319414,0.059427,Energy,985364,USD
VICI PROPERTIES INC,VICI,925652109,BYWH073,0.059238,Real Estate,1685258,USD
WILLIS TOWERS WATSON PLC,WTW,G96629103,BDB6Q21,0.058986,Financial Services,154171,USD
TARGA RESOURCES CORP,TRGP,87612G101,B55PZY3,0.058804,Energy,339833,USD
WABTEC CORP,WAB,929740108,2955733,0.058624,Industrials,270298,USD
MICROCHIP TECHNOLOGY INC,MCHP,595017104,2592174,0.058569,Technology,853942,USD
GE HEALTHCARE TECHNOLOGY,GEHC,36266G107,BL6JPG8,0.058164,Healthcare,721451,USD
COGNIZANT TECH SOLUTIONS A,CTSH,192446102,2257019,0.057698,Technology,772327,USD
HEWLETT PACKARD ENTERPRISE,HPE,42824C109,BYVYWS0,0.057649,Technology,2080999,USD
KENVUE INC,KVUE,49177J102,BQ84ZQ6,0.057478,Consumer Defensive,3040577,USD
COSTAR GROUP INC,CSGP,22160N109,2262864,0.05746,Real Estate,669616,USD
STATE STREET CORP,STT,857477103,2842040,0.056529,Financial Services,448561,USD
UNITED AIRLINES HOLDINGS INC,UAL,910047109,B4QG225,0.056099,Industrials,511129,USD
NRG ENERGY INC,NRG,629377508,2212922,0.055627,Utilities,305402,USD
DUPONT DE NEMOURS INC,DD,26614N102,BK0VN47,0.055461,Basic Materials,662808,USD
VENTAS INC,VTR,92276F100,2927925,0.055293,Real Estate,719050,USD
INTERACTIVE BROKERS GRO CL A,IBKR,45841N107,B1WT4X2,0.055112,Financial Services,703407,USD
NUCOR CORP,NUE,670346105,2651086,0.054975,Basic Materials,362297,USD
OCCIDENTAL PETROLEUM CORP,OXY,674599105,2655408,0.05434,Energy,1135517,USD
EXTRA SPACE STORAGE INC,EXR,30225T102,B02HWR9,0.054152,Real Estate,335937,USD
IRON MOUNTAIN INC,IRM,46284V101,BVFTF03,0.054122,Real Estate,468084,USD
CARNIVAL CORP,CCL,143658300,2523044,0.053904,Consumer Cyclical,1714616,USD
EMCOR GROUP INC,EME,29084Q100,2474164,0.053351,Industrials,70797,USD
DTE ENERGY COMPANY,DTE,233331107,2280220,0.052482,Utilities,329122,USD
ARCHER DANIELS MIDLAND CO,ADM,039483102,2047317,0.052439,Consumer Defensive,759160,USD
TRACTOR SUPPLY COMPANY,TSCO,892356106,2900335,0.051486,Consumer Cyclical,836056,USD
HERSHEY CO/THE,HSY,427866108,2422806,0.05121,Consumer Defensive,234765,USD
EQUIFAX INC,EFX,294429105,2319146,0.05118,Industrials,195739,USD
RAYMOND JAMES FINANCIAL INC,RJF,754730109,2718992,0.050984,Financial Services,280170,USD
ATMOS ENERGY CORP,ATO,049560105,2315359,0.050898,Utilities,254022,USD
M + T BANK CORP,MTB,55261F104,2340168,0.050725,Financial Services,247055,USD
BROWN + BROWN INC,BRO,115236101,2692687,0.050402,Financial Services,462716,USD
AMEREN CORPORATION,AEE,023608102,2050832,0.05035,Utilities,427779,USD
AMERICAN WATER WORKS CO INC,AWK,030420103,B2R3PV1,0.050021,Utilities,308142,USD
PPL CORP,PPL,69351T106,2680905,0.049381,Utilities,1168263,USD
INGERSOLL RAND INC,IR,45687V106,BL5GZ82,0.049374,Industrials,571456,USD
KEYSIGHT TECHNOLOGIES IN,KEYS,49338L103,BQZJ0Q9,0.049219,Technology,271811,USD
FIFTH THIRD BANCORP,FITB,316773100,2336747,0.049199,Financial Services,1044940,USD
BROADRIDGE FINANCIAL SOLUTIO,BR,11133T103,B1VP7R6,0.048938,Technology,185113,USD
LENNAR CORP A,LEN,526057104,2511920,0.048515,Consumer Cyclical,359785,USD
EVERSOURCE ENERGY,ES,30040W108,BVVN4Q8,0.048168,Utilities,586396,USD
TELEDYNE TECHNOLOGIES INC,TDY,879360105,2503477,0.047852,Technology,74277,USD
SUPER MICRO COMPUTER INC,SMCI,86800U302,BRC3N73,0.047453,Technology,790685,USD
AVALONBAY COMMUNITIES INC,AVB,053484101,2131179,0.04727,Real Estate,225626,USD
GENERAL MILLS INC,GIS,370334104,2367026,0.047265,Consumer Defensive,843736,USD
DIAMONDBACK ENERGY INC,FANG,25278X109,B7Y8YR3,0.047229,Energy,297516,USD
METTLER TOLEDO INTERNATIONAL,MTD,592688105,2126249,0.04691,Healthcare,32440,USD
CBOE GLOBAL MARKETS INC,CBOE,12503M108,B5834C5,0.046119,Financial Services,165998,USD
DEXCOM INC,DXCM,252131107,B0796X4,0.046018,Healthcare,622420,USD
CENTERPOINT ENERGY INC,CNP,15189T107,2440637,0.04598,Utilities,1032075,USD
VERALTO CORP,VLTO,92338C103,BPGMZQ5,0.045515,Industrials,393529,USD
SYNCHRONY FINANCIAL,SYF,87165B103,BP96PS6,0.045395,Financial Services,587819,USD
CINCINNATI FINANCIAL CORP,CINF,172062101,2196888,0.044659,Financial Services,247437,USD
EXPEDIA GROUP INC,EXPE,30212P303,B748CK2,0.044556,Consumer Cyclical,186586,USD
OLD DOMINION FREIGHT LINE,ODFL,679580100,2656423,0.044494,Industrials,291786,USD
ULTA BEAUTY INC,ULTA,90384S303,B28TS42,0.044264,Consumer Cyclical,70978,USD
FIRSTENERGY CORP,FE,337932107,2100920,0.043984,Utilities,825855,USD
FIRST SOLAR INC,FSLR,336433107,B1HMF22,0.043553,Technology,169806,USD
LIVE NATION ENTERTAINMENT IN,LYV,538034109,B0T7YX2,0.0435,Communication Services,250482,USD
EXPAND ENERGY CORP,EXE,165167735,BMZ5LZ5,0.04341,Energy,375756,USD
LEIDOS HOLDINGS INC,LDOS,525327102,BDV82B8,0.043346,Technology,203047,USD
INTERNATIONAL PAPER CO,IP,460146103,2465254,0.043327,Consumer Cyclical,835228,USD
CHARTER COMMUNICATIONS INC A,CHTR,16119P108,BZ6VT82,0.043162,Communication Services,146506,USD
HP INC,HPQ,40434L105,BYX4D52,0.043107,Technology,1486026,USD
NORTHERN TRUST CORP,NTRS,665859104,2648668,0.042745,Financial Services,301873,USD
PULTEGROUP INC,PHM,745867101,2708841,0.042521,Consumer Cyclical,311997,USD
PTC INC,PTC,69370C100,B95N910,0.04252,Technology,190201,USD
TRADE DESK INC/THE  CLASS A,TTD,88339J105,BD8FDD1,0.041894,Communication Services,704735,USD
WR BERKLEY CORP,WRB,084423102,2093644,0.041795,Financial Services,474085,USD
STERIS PLC,STE,G8473T100,BFY8C75,0.04172,Healthcare,155816,USD
LABCORP HOLDINGS INC,LH,504922105,BSBK800,0.041432,Healthcare,131324,USD
HUNTINGTON BANCSHARES INC,HBAN,446150104,2445966,0.041048,Financial Services,2317618,USD
NETAPP INC,NTAP,64110D104,2630643,0.04096,Technology,316630,USD
TAPESTRY INC,TPR,876030107,BF09HX3,0.040421,Consumer Cyclical,328980,USD
CMS ENERGY CORP,CMS,125896100,2219224,0.040073,Utilities,476386,USD
KELLANOVA,K,487836108,2486813,0.040056,Consumer Defensive,425784,USD
WILLIAMS SONOMA INC,WSM,969904101,2967589,0.039985,Consumer Cyclical,194091,USD
INSULET CORP,PODD,45784P101,B1XGNW4,0.039921,Healthcare,111794,USD
T ROWE PRICE GROUP INC,TROW,74144T108,2702337,0.039868,Financial Services,346205,USD
PPG INDUSTRIES INC,PPG,693506107,2698470,0.039817,Basic Materials,356111,USD
DOVER CORP,DOV,260003108,2278407,0.039745,Industrials,216827,USD
VERISIGN INC,VRSN,92343E102,2142922,0.03939,Technology,133019,USD
DOLLAR GENERAL CORP,DG,256677105,B5B1S13,0.039327,Consumer Defensive,349107,USD
TYLER TECHNOLOGIES INC,TYL,902252105,2909644,0.039,Technology,68128,USD
HUBBELL INC,HUBB,443510607,BDFG6S3,0.038999,Industrials,84096,USD
BIOGEN INC,BIIB,09062X103,2455965,0.038706,Healthcare,232598,USD
REGIONS FINANCIAL CORP,RF,7591EP100,B01R311,0.038663,Financial Services,1409502,USD
EQUITY RESIDENTIAL,EQR,29476L107,2319157,0.038654,Real Estate,552067,USD
KRAFT HEINZ CO/THE,KHC,500754106,BYRY499,0.038391,Consumer Defensive,1344492,USD
NVR INC,NVR,62944T105,2637785,0.038304,Consumer Cyclical,4528,USD
CHURCH + DWIGHT CO INC,CHD,171340102,2195841,0.038298,Consumer Defensive,384628,USD
CITIZENS FINANCIAL GROUP,CFG,174610105,BQRX1X3,0.038061,Financial Services,680676,USD
DARDEN RESTAURANTS INC,DRI,237194105,2289874,0.038034,Consumer Cyclical,184907,USD
SMURFIT WESTROCK PLC,SW,G8267P108,BRK49M5,0.037863,Consumer Cyclical,824448,USD
TERADYNE INC,TER,880770102,2884183,0.037636,Technology,250980,USD
JABIL INC,JBL,466313103,2471789,0.037428,Technology,169939,USD
QUEST DIAGNOSTICS INC,DGX,74834L100,2702791,0.037069,Healthcare,177377,USD
ESTEE LAUDER COMPANIES CL A,EL,518439104,2320524,0.037001,Consumer Defensive,371820,USD
DEVON ENERGY CORP,DVN,25179M103,2480677,0.036977,Energy,1002120,USD
SBA COMMUNICATIONS CORP,SBAC,78410G104,BZ6TS23,0.036525,Real Estate,170124,USD
CONSTELLATION BRANDS INC A,STZ,21036P108,2170473,0.03619,Consumer Defensive,225543,USD
NISOURCE INC,NI,65473P105,2645409,0.036139,Utilities,742674,USD
GLOBAL PAYMENTS INC,GPN,37940X102,2712013,0.036122,Industrials,384011,USD
EDISON INTERNATIONAL,EIX,281020107,2829515,0.035989,Utilities,608191,USD
CORPAY INC,CPAY,219948106,BMX5GK7,0.03564,Technology,112068,USD
WATERS CORP,WAT,941848103,2937689,0.035471,Healthcare,94389,USD
STEEL DYNAMICS INC,STLD,858119100,2849472,0.03526,Basic Materials,219902,USD
F5 INC,FFIV,315616102,2427599,0.034426,Technology,91401,USD
CDW CORP/DE,CDW,12514G108,BBM5MD6,0.033992,Technology,206424,USD
WEST PHARMACEUTICAL SERVICES,WST,955306105,2950482,0.033821,Healthcare,113798,USD
ZIMMER BIOMET HOLDINGS INC,ZBH,98956P102,2783815,0.03373,Healthcare,313680,USD
HALLIBURTON CO,HAL,406216101,2405302,0.033562,Energy,1345495,USD
ON SEMICONDUCTOR,ON,682189105,2583576,0.033519,Technology,645445,USD
PACKAGING CORP OF AMERICA,PKG,695156109,2504566,0.033262,Consumer Cyclical,141703,USD
AMCOR PLC,AMCR,G0250X107,BJ1F307,0.03283,Consumer Cyclical,3646473,USD
LULULEMON ATHLETICA INC,LULU,550021109,B23FN39,0.032747,Consumer Cyclical,172185,USD
GENUINE PARTS CO,GPC,372460105,2367480,0.032603,Consumer Cyclical,220318,USD
GARTNER INC,IT,366651107,2372763,0.032522,Technology,119629,USD
GODADDY INC   CLASS A,GDDY,380237107,BWFRFC6,0.032496,Technology,219026,USD
TRIMBLE INC,TRMB,896239100,2903958,0.032296,Technology,376119,USD
JACOBS SOLUTIONS INC,J,46982L108,BNGC0D3,0.03229,Industrials,188189,USD
EVERGY INC,EVRG,30034W106,BFMXGR0,0.032167,Utilities,365721,USD
PENTAIR PLC,PNR,G7S00T104,BLS09M3,0.031692,Industrials,260367,USD
APTIV PLC,APTV,G3265R107,BTDN8H1,0.031561,Consumer Cyclical,344468,USD
COTERRA ENERGY INC,CTRA,127097103,2162340,0.031312,Energy,1212260,USD
ALLIANT ENERGY CORP,LNT,018802108,2973821,0.031249,Utilities,406255,USD
WEYERHAEUSER CO,WY,962166104,2958936,0.031241,Real Estate,1149875,USD
LOEWS CORP,L,540424108,2523022,0.030781,Financial Services,268804,USD
SNAP ON INC,SNA,833034101,2818740,0.030677,Industrials,82546,USD
TEXAS PACIFIC LAND CORP,TPL,88262P102,BM99VY2,0.030664,Energy,30372,USD
DOLLAR TREE INC,DLTR,256746108,2272476,0.030455,Consumer Defensive,306181,USD
MCCORMICK + CO NON VTG SHRS,MKC,579780206,2550161,0.030362,Consumer Defensive,401180,USD
LENNOX INTERNATIONAL INC,LII,526107107,2442053,0.029963,Industrials,50317,USD
CENTENE CORP,CNC,15135B101,2807061,0.029912,Healthcare,736743,USD
ESSEX PROPERTY TRUST INC,ESS,297178105,2316619,0.029608,Real Estate,101923,USD
SOUTHWEST AIRLINES CO,LUV,844741108,2831543,0.029458,Industrials,829226,USD
FORTIVE CORP,FTV,34959J108,BYT3MK1,0.029058,Technology,535439,USD
PRINCIPAL FINANCIAL GROUP,PFG,74251V102,2803014,0.02888,Financial Services,320287,USD
ROLLINS INC,ROL,775711104,2747305,0.028848,Consumer Cyclical,445772,USD
KEYCORP,KEY,493267108,2490911,0.028737,Financial Services,1471565,USD
INVITATION HOMES INC,INVH,46187W107,BD81GW9,0.028312,Real Estate,892520,USD
MID AMERICA APARTMENT COMM,MAA,59522J103,2589132,0.028205,Real Estate,184636,USD
EXPEDITORS INTL WASH INC,EXPD,302130109,2325507,0.027522,Industrials,214275,USD
LAS VEGAS SANDS CORP,LVS,517834107,B02T2J7,0.027465,Consumer Cyclical,487615,USD
INTL FLAVORS + FRAGRANCES,IFF,459506101,2464165,0.027416,Basic Materials,405495,USD
HOLOGIC INC,HOLX,436440101,2433530,0.027289,Healthcare,354724,USD
TYSON FOODS INC CL A,TSN,902494103,2909730,0.026922,Consumer Defensive,455132,USD
OMNICOM GROUP,OMC,681919106,2279303,0.026638,Communication Services,306702,USD
ALLEGION PLC,ALLE,G0176J109,BFRT3W7,0.026638,Industrials,135392,USD
GEN DIGITAL INC,GEN,668771108,BJN4XN5,0.026637,Technology,884682,USD
C.H. ROBINSON WORLDWIDE INC,CHRW,12541W209,2116228,0.026624,Industrials,187139,USD
CLOROX COMPANY,CLX,189054109,2204026,0.026307,Consumer Defensive,192864,USD
DOW INC,DOW,260557103,BHXCF84,0.026153,Basic Materials,1115510,USD
EVEREST GROUP LTD,EG,G3223R108,2556868,0.02609,Financial Services,66282,USD
TEXTRON INC,TXT,883203101,2885937,0.026079,Industrials,281733,USD
CF INDUSTRIES HOLDINGS INC,CF,125269100,B0G4K50,0.025459,Basic Materials,256747,USD
KIMCO REALTY CORP,KIM,49446R109,2491594,0.025312,Real Estate,1072884,USD
DECKERS OUTDOOR CORP,DECK,243537107,2267278,0.025262,Consumer Cyclical,234040,USD
ZEBRA TECHNOLOGIES CORP CL A,ZBRA,989207105,2989356,0.025205,Technology,80468,USD
BEST BUY CO INC,BBY,086516101,2094670,0.024919,Consumer Cyclical,311637,USD
COOPER COS INC/THE,COO,216648501,BQPDXR3,0.024641,Healthcare,317439,USD
INCYTE CORP,INCY,45337C102,2471950,0.024611,Healthcare,258680,USD
BUILDERS FIRSTSOURCE INC,BLDR,12008R107,B0BV2M7,0.024576,Industrials,176702,USD
MASCO CORP,MAS,574599106,2570200,0.024405,Industrials,330249,USD
TKO GROUP HOLDINGS INC,TKO,87256C101,BQBBFD1,0.02343,Communication Services,110328,USD
BALL CORP,BALL,058498106,2073022,0.022953,Consumer Cyclical,429313,USD
DOMINO S PIZZA INC,DPZ,25754A201,B01SD70,0.022714,Consumer Cyclical,49232,USD
HEALTHPEAK PROPERTIES INC,DOC,42250P103,BJBLRK3,0.022575,Real Estate,1101605,USD
AVERY DENNISON CORP,AVY,053611109,2066408,0.022196,Consumer Cyclical,123212,USD
NORDSON CORP,NDSN,655663102,2641838,0.021997,Industrials,84916,USD
IDEX CORP,IEX,45167R104,2456612,0.021748,Industrials,118857,USD
FOX CORP   CLASS A,FOXA,35137L105,BJJMGL2,0.021509,Communication Services,330791,USD
RALPH LAUREN CORP,RL,751212101,B4V9661,0.021471,Consumer Cyclical,61119,USD
LYONDELLBASELL INDU CL A,LYB,N53745100,B3SPXZ3,0.020882,Basic Materials,409546,USD
ALEXANDRIA REAL ESTATE EQUIT,ARE,015271109,2009210,0.020601,Real Estate,245467,USD
REGENCY CENTERS CORP,REG,758849103,2726177,0.020516,Real Estate,256791,USD
VIATRIS INC,VTRS,92556V106,BMWS3X9,0.020325,Healthcare,1837947,USD
BUNGE GLOBAL SA,BG,H11356104,BQ6BPG9,0.020283,Consumer Defensive,221188,USD
BAXTER INTERNATIONAL INC,BAX,071813109,2085102,0.02016,Healthcare,808951,USD
JM SMUCKER CO/THE,SJM,832696405,2951452,0.020049,Consumer Defensive,168581,USD
HUNTINGTON INGALLS INDUSTRIE,HII,446413106,B40SSC9,0.019912,Industrials,61976,USD
UNIVERSAL HEALTH SERVICES B,UHS,913903100,2923785,0.019844,Healthcare,89123,USD
PINNACLE WEST CAPITAL,PNW,723484101,2048804,0.019807,Utilities,188784,USD
JACK HENRY + ASSOCIATES INC,JKHY,426281101,2469193,0.019787,Technology,115005,USD
GLOBE LIFE INC,GL,37959E102,BK6YKG1,0.019754,Financial Services,127932,USD
DAYFORCE INC,DAY,15677J108,BFX1V56,0.019624,Technology,253774,USD
ASSURANT INC,AIZ,04621X108,2331430,0.019603,Financial Services,79430,USD
CAMDEN PROPERTY TRUST,CPT,133131102,2166320,0.019598,Real Estate,169783,USD
UDR INC,UDR,902653104,2727910,0.01937,Real Estate,477753,USD
FACTSET RESEARCH SYSTEMS INC,FDS,303075105,2329770,0.019362,Financial Services,60234,USD
MOLINA HEALTHCARE INC,MOH,60855R100,2212706,0.019138,Healthcare,86867,USD
ALBEMARLE CORP,ALB,012653101,2046853,0.018906,Basic Materials,185316,USD
AKAMAI TECHNOLOGIES INC,AKAM,00971T101,2507457,0.018858,Technology,226781,USD
HUNT (JB) TRANSPRT SVCS INC,JBHT,445658107,2445416,0.018846,Industrials,121086,USD
SOLVENTUM CORP,SOLV,83444M101,BMTQB43,0.018699,Healthcare,233542,USD
SKYWORKS SOLUTIONS INC,SWKS,83088M102,2961053,0.018487,Technology,235446,USD
BXP INC,BXP,101121101,2019479,0.018393,Real Estate,233128,USD
REVVITY INC,RVTY,714046109,2305844,0.018381,Healthcare,183365,USD
WYNN RESORTS LTD,WYNN,983134107,2963811,0.018148,Consumer Cyclical,133326,USD
HOST HOTELS + RESORTS INC,HST,44107P104,2567503,0.018139,Real Estate,1009871,USD
NORWEGIAN CRUISE LINE HOLDIN,NCLH,G66721104,B9CGTC3,0.018105,Consumer Cyclical,710320,USD
PAYCOM SOFTWARE INC,PAYC,70432V102,BL95MY0,0.018105,Technology,79804,USD
AES CORP,AES,00130H105,2002479,0.018035,Utilities,1129005,USD
INVESCO LTD,IVZ,G491BT108,B28XP76,0.018,Financial Services,705567,USD
GENERAC HOLDINGS INC,GNRC,368736104,B6197Q2,0.017941,Industrials,92912,USD
STANLEY BLACK + DECKER INC,SWK,854502101,B3Q2FJ4,0.017939,Industrials,245235,USD
NEWS CORP   CLASS A,NWSA,65249B109,BBGVT40,0.017503,Communication Services,597985,USD
MOSAIC CO/THE,MOS,61945C103,B3NPHP6,0.01739,Basic Materials,504684,USD
INTERPUBLIC GROUP OF COS INC,IPG,460690100,2466321,0.017072,Communication Services,575670,USD
POOL CORP,POOL,73278L105,2781585,0.017032,Industrials,51744,USD
HASBRO INC,HAS,418056107,2414580,0.016971,Consumer Cyclical,210677,USD
MODERNA INC,MRNA,60770K107,BGSXTS3,0.016908,Healthcare,555067,USD
BIO TECHNE CORP,TECH,09073M104,BSHZ3Q0,0.016697,Healthcare,250704,USD
LAMB WESTON HOLDINGS INC,LW,513272104,BDQZFJ3,0.016015,Consumer Defensive,221267,USD
CONAGRA BRANDS INC,CAG,205887102,2215460,0.016007,Consumer Defensive,758804,USD
ALIGN TECHNOLOGY INC,ALGN,016255101,2679204,0.015269,Healthcare,106916,USD
ERIE INDEMNITY COMPANY CL A,ERIE,29530P102,2311711,0.01506,Financial Services,40901,USD
CHARLES RIVER LABORATORIES,CRL,159864107,2604336,0.014611,Healthcare,77045,USD
EPAM SYSTEMS INC,EPAM,29414B104,B44Z3T8,0.014292,Technology,88410,USD
MOLSON COORS BEVERAGE CO   B,TAP,60871R209,B067BM3,0.014242,Consumer Defensive,272872,USD
APA CORP,APA,03743Q108,BNNF1C1,0.014066,Energy,564688,USD
SMITH (A.O.) CORP,AOS,831865209,2816023,0.013872,Industrials,180339,USD
FOX CORP   CLASS B,FOX,35137L204,BJJMGY5,0.013674,Communication Services,234309,USD
MATCH GROUP INC,MTCH,57667L107,BK80XH9,0.013563,Communication Services,379838,USD
LKQ CORP,LKQ,501889208,2971029,0.013391,Consumer Cyclical,411243,USD
FEDERAL REALTY INVS TRUST,FRT,313745101,BN7P9B2,0.013344,Real Estate,122969,USD
FRANKLIN RESOURCES INC,BEN,354613101,2350684,0.01253,Financial Services,486809,USD
HORMEL FOODS CORP,HRL,440452100,2437264,0.012366,Consumer Defensive,458975,USD
EASTMAN CHEMICAL CO,EMN,277432100,2298386,0.012039,Basic Materials,182197,USD
HENRY SCHEIN INC,HSIC,806407102,2416962,0.011675,Healthcare,162782,USD
MGM RESORTS INTERNATIONAL,MGM,552953101,2547419,0.011667,Consumer Cyclical,328519,USD
CARMAX INC,KMX,143130102,2983563,0.011601,Consumer Cyclical,236683,USD
MOHAWK INDUSTRIES INC,MHK,608190104,2598699,0.011075,Consumer Cyclical,82991,USD
THE CAMPBELL S COMPANY,CPB,134429109,2162845,0.010896,Consumer Defensive,315809,USD
PARAMOUNT SKYDANCE CL B,PSKY,69932A204,BSNMNQ5,0.009485,Communication Services,491410.284,USD
BROWN FORMAN CORP CLASS B,BF.B,115637209,2146838,0.00846,Consumer Defensive,279073,USD
DAVITA INC,DVA,23918K108,2898087,0.007926,Healthcare,56304,USD
NEWS CORP   CLASS B,NWS,65249B208,BBGVT51,0.006562,Communication Services,197394,USD
CONTRA WALGREENS BOOTS,-,931CVR013,-,0.000002,-,3400,USD
S+P500 EMINI FUT  DEC25,ESZ5,ADI2RH606,-,-0.001252,-,19600,USD
US DOLLAR,-,999USDZ92,-,-0.023221,-,-20453144,USD
